[
    {
        "produtos": {
            "prod123":"Notebook Dell",
            "prod124": "tablet Samsung",
            "prod125": "Smartphone Iphone"
        }
    },
    {
        "vendendor": {
            "vend456" :  "Bras",
            "vend457" : "Cubas",
            "vend458" : "Shibata da Silva"
        }
    },
    {
        "preço" :{
            "preço789" : "2550.00",
            "preço790" : "3199.00",
            "preço791" : "1999.00"
        }
    },
    {
        "imagemProdutos" : {
            "imagem001": "<img scr='img/notebook.jpg' width='300px'>",
            "imagem002": "<img scr='img/tablet.jpg>'>",
            "imagem003": "<img scr='img/smartphone.jpg"
        }
    }
]